workerid,response
354,611e0d3c67d86e1ff9f58428
338,60fdbf79f5174b34d8b1e433
353,6698502e9bc844218a76c883
336,66560920da8376b11e698777
335,65df99e9277766a113b7bbeb
351,664775717664d82e25137e82
334,664b49be29e4f690e547ab82
350,6525884ecc7a35638eb3220a
349,609f528fba531c5195b6cd4e
333,610040f62de67e474e0c77e2
346,65d851f35d9565f1762c32db
325,fish
323,lynde
355,6633b81d422c9c1335e554b3
331,66b1a89874ddaafba212e591
347,60c14a3e834adb62102cffa0
330,65a3044cc58190e32f38a327
345,66ac7e44544c4c1c5eb38683
329,5e43bae59184e3242f23bd31
343,60d13d406f3b34d6791c8831
341,66a66eda7f7239eb76bc1546
328,63d161e70272bba9f3f70980
344,663e92a3d1091f0c6beccc7f
342,5f8eef372ace000b7ce1dca4
358,669b7eb7fd33b2a8e2502ab6
356,5b745fb794c93d00010fc4c6
324,61037a7204c3bfc31c1289dd
340,66186889e582d87630509d30
360,fish
